"id_echouage","id_mammifere","code_exam","code_capt","info_etat","date_obs","date_echou","localisation","esp_id","code_sexe","long_cm","age_age_mini","age_age","age_age_maxi","prec_long","lb_nom","num_collec","prelevement_dispo","protocole","com_nom","com_coord_lat","com_coord_long","latitude","longitude","dept_code","code_zone","annee","SR","SR_num","TRUST"
4446,6301,1,0,"M FR",1997-01-07,"1997-01-06","ST MARTIN DE RE LE VERT CLOS",31,2,"197","12",12,"13","Précise","Delphinus delphis","9701001","0","NULL","SAINT-MARTIN-DE-RE",46.20715,-1.36905,"NULL","NULL","17","A",1997,"M R",1,NA
4498,6358,1,40,"M PU",1997-02-13,"1997-02-13","ST JEAN DE MONT",31,1,"195","5",5.5,"5.5","Précise","Delphinus delphis","9702005","0","NULL","SAINT-JEAN-DE-MONTS",46.79268,-2.07962,"NULL","NULL","85","A",1997,"p",2,NA
4507,6375,1,0,"M FR",1997-02-14,"1997-02-14","HOURTIN",31,2,"180","4",4,"4","Précise","Delphinus delphis","9702016","0","NULL","HOURTIN",45.18286,-1.17922,"NULL","NULL","33","A",1997,"i",0,NA
4509,6384,2,40,"V M",1997-02-14,"1997-02-13","LEGE CAP FERRET",31,1,"216","9",9,"9","Précise","Delphinus delphis","9702008","0","NULL","LEGE-CAP-FERRET",44.72561,-1.24422,"NULL","NULL","33","A",1997,"M",1,NA
4513,6390,1,0,"M FR",1997-02-15,"1997-02-15","LE BOIS PLAGE EN RE GROS JONC",31,2,"201","18",18,"19","Précise","Delphinus delphis","9702019","0","NULL","LE BOIS-PLAGE-EN-RE",46.17317,-1.38178,"NULL","NULL","17","A",1997,"M R",1,NA
4545,6511,1,30,"M FR",1997-02-15,"1997-02-15","LA FAUTE SUR MER PLAGE DES BELUGAS",31,2,"165","1",1.75,"2","Précise","Delphinus delphis","9702020","0","NULL","LA FAUTE-SUR-MER",46.31636,-1.31541,"NULL","NULL","85","A",1997,"i",0,NA
4547,6514,1,40,"M FR",1997-02-16,"1997-02-16","ST CLEMENT DES BALEINES EN RE",31,2,"190","5.5",5.5,"6","Précise","Delphinus delphis","9702023","0","NULL","SAINT-CLEMENT-DES-BALEINES",46.23631,-1.5577,"NULL","NULL","17","A",1997,"p",2,NA
4614,6679,1,0,"M FR",1997-02-18,"1997-02-18","ST HILAIRE DE RIEZ",31,1,"197","5",5,"5","Précise","Delphinus delphis","9702031","0","NULL","SAINT-HILAIRE-DE-RIEZ",46.74673,-2.00906,"NULL","NULL","85","A",1997,"I",0,NA
4627,6696,1,40,"M FR",1997-02-19,"1997-02-18","ST PIERRE D'OLERON PASSE DES BICLES",31,1,"190","4",4,"4","Précise","Delphinus delphis","9702049","0","NULL","SAINT-PIERRE-D'OLERON",45.92233,-1.33204,"NULL","NULL","17","A",1997,"I",0,NA
4654,6738,1,30,"M FR",1997-02-19,"1997-02-19","JARD SUR MER LES GAFFINEAUX",31,2,"182","3",3.5,"4","Précise","Delphinus delphis","9702045","0","NULL","JARD-SUR-MER",46.41741,-1.60616,"NULL","NULL","85","A",1997,"i",0,NA
4777,6984,1,30,"M FR",1997-02-26,"1997-02-25","LES SABLES D'OLONNE PLAGE DE LA PARACOUE",31,2,"204","9",9,"9","Précise","Delphinus delphis","9702070","0","NULL","LES SABLES-D'OLONNE",46.50171,-1.81587,"NULL","NULL","85","A",1997,"M R",1,NA
4789,7000,1,0,"M FR",1997-02-27,"1997-02-27","NOIRMOUTIER EN L'ILE",31,1,"165","1",1,"2","Précise","Delphinus delphis","9702081","0","NULL","NOIRMOUTIER-EN-L'ILE",47.02739,-2.25792,"NULL","NULL","85","A",1997,"I",0,NA
4800,7012,1,40,"M FR",1997-02-28,"1997-02-27","LES SABLES D'OLONNE PLAGE DE LA CHAUME",31,2,"202","9",9,"9","Précise","Delphinus delphis","9702084","0","NULL","LES SABLES-D'OLONNE",46.50171,-1.81587,"NULL","NULL","85","A",1997,"M R",1,NA
4898,7134,2,14,"VM FR",1997-06-15,"1997-06-15","SAINT GILLES CROIX DE VIE GRANDE PLAGE",31,2,"199","10",10,"10","Précise","Delphinus delphis","9706103","0","NULL","SAINT-GILLES-CROIX-DE-VIE",46.69114,-1.934,"NULL","NULL","85","A",1997,"M R",1,NA
5169,7413,1,40,"M FR",1998-03-11,"1998-03-11","ST GEORGES D'OLERON",31,1,"172","1",1.5,"2","Précise","Delphinus delphis","9803007","0","NULL","SAINT-GEORGES-D'OLERON",45.97554,-1.39298,"NULL","NULL","17","A",1998,"i",0,NA
5286,7537,1,40,"M PU",1998-06-01,"1998-06-01","DOLUS D'OLERON LA REMIGEASSE",31,2,"166","0",0.8,"1","Précise","Delphinus delphis","9806017","0","NULL","DOLUS-D'OLERON",45.89531,-1.28015,"NULL","NULL","17","A",1998,"i",0,NA
5314,7565,1,30,"M FR PM",1998-07-23,"1998-07-22","BRETIGNOLLES SUR MER LA SAUZAIE",31,2,"150","3",3,"3","NULL","Delphinus delphis","9807019","0","NULL","BRETIGNOLLES-SUR-MER",46.63486,-1.88162,"NULL","NULL","85","A",1998,"i",0,NA
5317,7568,1,40,"M FR BL",1998-07-30,"1998-07-28","BRETIGNOLLES SUR MER",31,2,"177","3",3,"3","Précise","Delphinus delphis","9807020","0","NULL","BRETIGNOLLES-SUR-MER",46.63486,-1.88162,"NULL","NULL","85","A",1998,"i",0,NA
5341,7592,1,30,"M FR PM",1998-09-10,"1998-09-09","ST HILAIRE DE RIEZ",31,2,"188","8",8,"8","Précise","Delphinus delphis","9809021","0","NULL","SAINT-HILAIRE-DE-RIEZ",46.74673,-2.00906,"NULL","NULL","85","A",1998,"i",0,NA
5529,7821,1,40,"M FR",1999-02-24,"NULL","DOLUS D'OLERON VERT BOIS",31,2,"190","10",10,"10","Précise","Delphinus delphis","9902017","0","NULL","DOLUS-D'OLERON",45.89531,-1.28015,"NULL","NULL","17","A",1999,"i",0,NA
5570,7887,1,0,"M PU",1999-03-04,"1999-03-04","LA COUARDE SUR MER",31,2,"189","8",8,"9","Précise","Delphinus delphis","9903021","0","NULL","LA COUARDE-SUR-MER",46.19691,-1.43451,"NULL","NULL","17","A",1999,"i",0,NA
5608,7939,1,0,"M PU",1999-03-05,"NULL","LES SABLES D'OLONNE LA PARACOUE",31,2,"202","9",9,"9","Précise","Delphinus delphis","9903022","0","NULL","LES SABLES-D'OLONNE",46.50171,-1.81587,"NULL","NULL","85","A",1999,"i",0,NA
5733,8112,1,30,"M FR",1999-04-06,"1999-04-05","L'EPINE LE MOULIN",31,2,"172","3",3,"3","Précise","Delphinus delphis","9903029","0","NULL","L'EPINE",46.98124,-2.2797,"NULL","NULL","85","A",1999,"i",0,NA
5754,8140,1,30,"M FR BL",1999-04-15,"NULL","ST CLEMENT DES BALEINES",31,2,"194","5",5,"5","Précise","Delphinus delphis","9904032","0","NULL","SAINT-CLEMENT-DES-BALEINES",46.23631,-1.5577,"NULL","NULL","17","A",1999,"i",0,NA
6013,8419,1,14,"V M",2000-01-09,"2000-01-09","LE COUREGAN",31,2,"180","16",16,"16","Précise","Delphinus delphis","10001001","0","NULL","PLOEMEUR",47.70493,-3.44469,"NULL","NULL","56","A",2000,"M R",1,NA
6032,8439,1,30,"M FR PM",2000-02-01,"2000-01-30","LA TESTE DE BUCH LE TRENCAT",31,2,"174","6",6,"7","Approximative","Delphinus delphis","10002009","0","NULL","LA TESTE",44.56442,-1.23492,"NULL","NULL","33","A",2000,"i",0,NA
6033,8440,1,30,"M FR PM",2000-02-01,"2000-01-30","LA TESTE DE BUCH WARF DE LA SALIE",31,1,"180","3",3.5,"4","Approximative","Delphinus delphis","10002007","0","NULL","LA TESTE",44.56442,-1.23492,"NULL","NULL","33","A",2000,"i",0,NA
6033,8441,1,30,"M FR",2000-02-01,"2000-01-30","LA TESTE DE BUCH WARF DE LA SALIE",31,1,"181","2",2,"3","Précise","Delphinus delphis","10002008","0","NULL","LA TESTE",44.56442,-1.23492,"NULL","NULL","33","A",2000,"i",0,NA
6034,8442,1,40,"M PU",2000-02-01,"NULL","BISCARROSSE CEL",31,2,"185","5",5,"5.5","Précise","Delphinus delphis","10002006","0","NULL","BISCARROSSE",44.41043,-1.26209,"NULL","NULL","40","A",2000,"p",2,NA
6052,8467,1,40,"M FR",2000-02-08,"NULL","ST JEAN DE MONTS ESPLANADE DE LA MER",31,2,"179","4",4.5,"5","Précise","Delphinus delphis","10002010","0","NULL","SAINT-JEAN-DE-MONTS",46.79268,-2.07962,"NULL","NULL","85","A",2000,"i",0,NA
6064,8483,1,40,"M FR",2000-02-10,"2000-02-09","LA BARRE DE MONTS",31,2,"200","3",3,"3","Précise","Delphinus delphis","10002013","0","NULL","LA BARRE-DE-MONTS",46.87364,-2.15097,"NULL","NULL","85","A",2000,"i",0,NA
6065,8484,1,40,"M FR",2000-02-10,"2000-02-09","BRETIGNOLLES SUR MER",31,2,"185","3",3.5,"4","Précise","Delphinus delphis","10002012","0","NULL","BRETIGNOLLES-SUR-MER",46.63486,-1.88162,"NULL","NULL","85","A",2000,"i",0,NA
6065,8485,1,40,"M FR",2000-02-10,"2000-02-10","BRETIGNOLLES SUR MER",31,1,"170","2",2.5,"3","Précise","Delphinus delphis","10002015","0","NULL","BRETIGNOLLES-SUR-MER",46.63486,-1.88162,"NULL","NULL","85","A",2000,"I",0,NA
6067,8488,1,0,"M FR",2000-02-11,"2000-02-11","STE MARIE DE RE MONTAMER",31,2,"184","4",4,"4","Précise","Delphinus delphis","10002017","0","NULL","SAINTE-MARIE-DE-RE",46.15065,-1.3218,"NULL","NULL","17","A",2000,"p",2,NA
6088,8511,1,40,"M PU",2000-02-14,"NULL","NOIRMOUTIER BARBATRE",31,2,"188","2",2.75,"3","Précise","Delphinus delphis","10002019","0","NULL","BARBATRE",46.93028,-2.17158,"NULL","NULL","85","A",2000,"i",0,NA
6089,8512,1,40,"M PU",2000-02-14,"NULL","BRETIGNOLLES SUR MER",31,1,"182","2",2.5,"3","Précise","Delphinus delphis","10002031","0","NULL","BRETIGNOLLES-SUR-MER",46.63486,-1.88162,"NULL","NULL","85","A",2000,"i",0,NA
6089,8513,1,40,"M PU",2000-02-14,"NULL","BRETIGNOLLES SUR MER",31,1,"170","3",3,"3","Précise","Delphinus delphis","10002032","0","NULL","BRETIGNOLLES-SUR-MER",46.63486,-1.88162,"NULL","NULL","85","A",2000,"i",0,NA
6092,8516,1,40,"M PU",2000-02-14,"NULL","ST HILAIRE DE RIEZ",31,1,"190","9",9,"9","Précise","Delphinus delphis","10002021","0","NULL","SAINT-HILAIRE-DE-RIEZ",46.74673,-2.00906,"NULL","NULL","85","A",2000,"M",1,NA
6093,8517,1,40,"M PU",2000-02-14,"NULL","ST HILAIRE DE RIEZ",31,1,"170","1",1.5,"2","Précise","Delphinus delphis","10002022","0","NULL","SAINT-HILAIRE-DE-RIEZ",46.74673,-2.00906,"NULL","NULL","85","A",2000,"i",0,NA
6093,8518,1,40,"M PU",2000-02-14,"NULL","ST HILAIRE DE RIEZ",31,2,"200","8",8,"8","Précise","Delphinus delphis","10002023","0","NULL","SAINT-HILAIRE-DE-RIEZ",46.74673,-2.00906,"NULL","NULL","85","A",2000,"M R",1,NA
6093,8519,1,40,"M PU",2000-02-14,"NULL","ST HILAIRE DE RIEZ",31,2,"175","1",1.5,"2","Précise","Delphinus delphis","10002024","0","NULL","SAINT-HILAIRE-DE-RIEZ",46.74673,-2.00906,"NULL","NULL","85","A",2000,"i",0,NA
6093,8520,1,40,"M PU",2000-02-14,"NULL","ST HILAIRE DE RIEZ",31,2,"171","3",3,"3","Précise","Delphinus delphis","10002025","0","NULL","SAINT-HILAIRE-DE-RIEZ",46.74673,-2.00906,"NULL","NULL","85","A",2000,"i",0,NA
6093,8521,1,40,"M PU",2000-02-14,"NULL","ST HILAIRE DE RIEZ",31,1,"200","15",15,"15","Précise","Delphinus delphis","10002026","0","NULL","SAINT-HILAIRE-DE-RIEZ",46.74673,-2.00906,"NULL","NULL","85","A",2000,"M",1,NA
6093,8522,1,40,"M PU",2000-02-14,"NULL","ST HILAIRE DE RIEZ",31,1,"185","3",3.5,"4","Précise","Delphinus delphis","10002027","0","NULL","SAINT-HILAIRE-DE-RIEZ",46.74673,-2.00906,"NULL","NULL","85","A",2000,"i",0,NA
6093,8524,1,40,"M PU",2000-02-14,"NULL","ST HILAIRE DE RIEZ",31,1,"180","2",2.75,"3","Précise","Delphinus delphis","10002029","0","NULL","SAINT-HILAIRE-DE-RIEZ",46.74673,-2.00906,"NULL","NULL","85","A",2000,"i",0,NA
6093,8525,1,40,"M PU",2000-02-14,"NULL","ST HILAIRE DE RIEZ",31,2,"180","2",2.5,"3","Précise","Delphinus delphis","10002030","0","NULL","SAINT-HILAIRE-DE-RIEZ",46.74673,-2.00906,"NULL","NULL","85","A",2000,"i",0,NA
6094,8526,1,40,"M PU",2000-02-14,"NULL","ST JEAN DE MONTS",31,2,"181","3",3,"4","Précise","Delphinus delphis","10002020","0","NULL","SAINT-JEAN-DE-MONTS",46.79268,-2.07962,"NULL","NULL","85","A",2000,"i",0,NA
6099,8532,1,30,"M FR",2000-02-15,"NULL","MONTALIVET",31,2,"193","5",5.5,"6","Précise","Delphinus delphis","10002033","0","NULL","VENDAYS-MONTALIVET",45.33534,-1.1552,"NULL","NULL","33","A",2000,"p",2,NA
6106,8539,1,40,"M PU",2000-02-15,"NULL","LES SABLES D'OLONNE PRIEURE ST NICOLAS",31,2,"198","10",10,"11","Précise","Delphinus delphis","10002034","0","NULL","LES SABLES-D'OLONNE",46.50171,-1.81587,"NULL","NULL","85","A",2000,"p",2,NA
6109,8542,1,40,"M PU",2000-02-16,"NULL","MARENNES",31,2,"203","4",4.5,"5","Précise","Delphinus delphis","10002039","0","NULL","MARENNES",45.82002,-1.14169,"NULL","NULL","17","A",2000,"p",2,NA
6111,8544,1,40,"M PU",2000-02-16,"2000-02-16","LA TREMBLADE LA CEPE",31,1,"191","4",4.5,"5","Précise","Delphinus delphis","10002040","0","NULL","LA TREMBLADE",45.79167,-1.23428,"NULL","NULL","17","A",2000,"p",2,NA
6123,8587,1,0,"M FR",2000-02-17,"2000-02-16","LE BOIS PLAGE EN RE LES GRENETTES",31,1,"211","12",12,"12","Précise","Delphinus delphis","10002041","0","NULL","LE BOIS-PLAGE-EN-RE",46.17317,-1.38178,"NULL","NULL","17","A",2000,"M",1,NA
6166,8701,1,0,"M PU",2000-02-18,"NULL","LA TREMBLADE LA BOUVERIE",31,2,"193","4",5,"5","Précise","Delphinus delphis","10002060","0","NULL","LA TREMBLADE",45.79167,-1.23428,"NULL","NULL","17","A",2000,"p",2,NA
6236,8840,1,30,"M FR PM",2000-02-22,"NULL","HOURTIN",31,1,"175","3",3,"3","Précise","Delphinus delphis","10002075","0","NULL","HOURTIN",45.18286,-1.17922,"NULL","NULL","33","A",2000,"i",0,NA
6238,8846,1,30,"M PU",2000-02-22,"NULL","LACANAU OCEAN",31,1,"198","8",9,"9","Précise","Delphinus delphis","10002073","0","NULL","LACANAU",44.98592,-1.19751,"NULL","NULL","33","A",2000,"I",0,NA
6238,8847,1,30,"M PU",2000-02-22,"NULL","LACANAU OCEAN",31,2,"218","16",17,"17","Précise","Delphinus delphis","10002074","0","NULL","LACANAU",44.98592,-1.19751,"NULL","NULL","33","A",2000,"M R",1,NA
6271,8914,1,30,"M FR",2000-02-28,"2000-02-28","LA ROCHELLE EN MER LAVARDIN 46°08'Nx01°15'W",31,2,"184","4",4,"4","Précise","Delphinus delphis","10002083","0","NULL","SAINTE-MARIE-DE-RE",46.15065,-1.3218,"NULL","NULL","17","A",2000,"i",0,NA
6291,8936,1,30,"M FR",2000-03-01,"NULL","OLONNE SUR MER SAUVETERRE",31,2,"190","6",6.5,"7","Précise","Delphinus delphis","10003086","0","NULL","OLONNE-SUR-MER",46.54852,-1.82203,"NULL","NULL","85","A",2000,"M R",1,NA
6292,8937,1,30,"M FR PM",2000-03-01,"2000-02-29","LES SABLES D'OLONNE",31,2,"180","11",11,"12","Approximative","Delphinus delphis","10003084","0","NULL","LES SABLES-D'OLONNE",46.50171,-1.81587,"NULL","NULL","85","A",2000,"M R",1,NA
6292,8938,1,40,"M FR",2000-03-01,"2000-03-01","LES SABLES D'OLONNE",31,3,"196","10",10,"10","Précise","Delphinus delphis","10003085","0","NULL","LES SABLES-D'OLONNE",46.50171,-1.81587,"NULL","NULL","85","A",2000,"M G",1,NA
6396,9069,2,40,"M FR",2000-04-18,"2000-04-17","RIVEDOUX POINTE DE CHAUVEAU",31,2,"178","3",3.2,"3.2","Précise","Delphinus delphis","10004104","0","NULL","RIVEDOUX-PLAGE",46.15722,-1.27789,"NULL","NULL","17","A",2000,"i",0,NA
6425,9099,2,0,"M PU",2000-05-11,"2000-05-10","LE BOIS PLAGE EN RE LE GROS JONC",31,2,"227","9",9,"10","Précise","Delphinus delphis","10005105","0","NULL","LE BOIS-PLAGE-EN-RE",46.17317,-1.38178,"NULL","NULL","17","A",2000,"M R",1,NA
6455,9130,1,30,"M FR",2000-07-12,"2000-07-11","LE PORGE LA JENNY",31,2,"145","0",0.5,"0.5","Précise","Delphinus delphis","10007112","0","NULL","LE PORGE",44.86654,-1.22105,"NULL","NULL","33","A",2000,"i",0,NA
6478,9155,1,40,"M FR",2000-08-27,"2000-08-26","ST JEAN DE MONTS L'ESTACADE",31,2,"220","16",16,"17","Précise","Delphinus delphis","10008117","0","NULL","SAINT-JEAN-DE-MONTS",46.79268,-2.07962,"NULL","NULL","85","A",2000,"M G",1,NA
6491,9168,1,0,"M FR",2000-09-21,"2000-09-21","ST DENIS D'OLERON LES HUTTES",31,2,"174","2",2.5,"2.5","Précise","Delphinus delphis","10009119","0","NULL","SAINT-DENIS-D'OLERON",46.04764,-1.41003,"NULL","NULL","17","A",2000,"i",0,NA
6624,9309,1,40,"M FR",2001-01-08,"2001-01-07","LEGE CAP FERRET LES PECHEURS",31,1,"215","10",10.5,"11","Précise","Delphinus delphis","10101004","0","NULL","LEGE-CAP-FERRET",44.72561,-1.24422,"NULL","NULL","33","A",2001,"M",1,NA
6625,9310,1,40,"M FR",2001-01-08,"2001-01-07","LEGE CAP FERRET TRUC VERT",31,2,"185","4",4.5,"6","Précise","Delphinus delphis","10101005","0","NULL","LEGE-CAP-FERRET",44.72561,-1.24422,"NULL","NULL","33","A",2001,"p",2,NA
6645,9333,1,0,"M PU",2001-01-23,"2001-01-23","ST PIERRE D'OLERON CHEFMALIERE",31,1,"212","13",14,"16","Précise","Delphinus delphis","10101007","0","NULL","SAINT-PIERRE-D'OLERON",45.92233,-1.33204,"NULL","NULL","17","A",2001,"M",1,NA
6653,9341,1,0,"M FR",2001-01-25,"2001-01-23","MONTALIVET PLAGE SUD",31,1,"228","11",12,"13","Précise","Delphinus delphis","10101008","0","NULL","VENDAYS-MONTALIVET",45.33534,-1.1552,"NULL","NULL","33","A",2001,"M",1,NA
6654,9342,1,0,"M FR",2001-01-26,"2001-01-26","CARCANS",31,2,"184","4",4.8,"5","Précise","Delphinus delphis","10101011","0","NULL","CARCANS",45.0802,-1.19073,"NULL","NULL","33","A",2001,"p",2,NA
6654,9344,2,40,"M PU",2001-01-26,"2001-01-26","CARCANS",31,1,"160","1.2",1.8,"2","Précise","Delphinus delphis","10102023","0","NULL","CARCANS",45.0802,-1.19073,"NULL","NULL","33","A",2001,"i",0,NA
6658,9348,1,0,"M FR",2001-01-26,"2001-01-26","PREFAILLES PORT AUX ANES",31,1,"196","4",4.8,"5","Précise","Delphinus delphis","10107085","0","NULL","PREFAILLES",47.13203,-2.23086,"NULL","NULL","44","A",2001,"i",0,NA
6665,9358,2,0,"M FR",2001-01-27,"2001-01-27","ST TROJAN LES BAINS",31,1,"132","0",0.2,"0.4","Précise","Delphinus delphis","10101014","0","NULL","SAINT-TROJAN-LES-BAINS",45.80655,-1.24345,"NULL","NULL","17","A",2001,"i",0,NA
6673,9366,2,30,"M FR",2001-01-28,"2001-01-28","ST PALAIS SUR MER",31,1,"172","2.9",3,"3.2","Précise","Delphinus delphis","10101015","0","NULL","SAINT-PALAIS-SUR-MER",45.64928,-1.10119,"NULL","NULL","17","A",2001,"p",2,NA
6688,9384,1,0,"M FR",2001-01-30,"2001-01-28","JARD SUR MER LES GARS GRELAUX",31,2,"153","1",1.1,"1.5","Précise","Delphinus delphis","10101016","0","NULL","JARD-SUR-MER",46.41741,-1.60616,"NULL","NULL","85","A",2001,"i",0,NA
6774,9475,1,40,"M FR",2001-03-04,"2001-03-03","ECULLEVILLE BAIE DE QUERVIERE",31,2,"170","0.8",1,"1.2","Précise","Delphinus delphis","10107089","0","NULL","ECULLEVILLE",49.6902,-1.8237,"NULL","NULL","50","N",2001,"i",0,NA
6777,9478,2,16,"V M FR",2001-03-05,"2001-03-03","ESNANDES",31,2,"199","15",17,"18","Précise","Delphinus delphis","10103026","0","NULL","ESNANDES",46.24916,-1.14059,"NULL","NULL","17","A",2001,"M R",1,NA
6808,9530,1,0,"M PU",2001-03-13,"2001-03-12","LA COUARDE SUR MER LES PRISE",31,1,"165","1",1.5,"1.8","Précise","Delphinus delphis","10103028","0","NULL","LA COUARDE-SUR-MER",46.19691,-1.43451,"NULL","NULL","17","A",2001,"i",0,NA
6825,9551,2,0,"M FR",2001-03-14,"NULL","BOURCEFRANC LE CHAPUS BAIE DE MERIGNAC",31,2,"208","12",13,"14","Précise","Delphinus delphis","10103030","0","NULL","BOURCEFRANC-LE-CHAPUS",45.84163,-1.15339,"NULL","NULL","17","A",2001,"M R",1,NA
6892,9624,1,30,"M FR PM",2001-03-20,"2001-03-20","LES SABLES D'OLONNE GRANDE PLAGE",31,2,"170","16",16,"16","Approximative","Delphinus delphis","10103033","0","NULL","LES SABLES-D'OLONNE",46.50171,-1.81587,"NULL","NULL","85","A",2001,"M R",1,NA
6994,9754,2,0,"M FR",2001-04-10,"2001-04-10","MARSILLY LES MARTINETS",31,2,"157","1.5",1.8,"2","Précise","Delphinus delphis","10104068","0","NULL","MARSILLY",46.22837,-1.15962,"NULL","NULL","17","A",2001,"i",0,NA
7017,9781,2,0,"M FR",2001-04-15,"2001-04-14","LES PORTES EN RE POINTE DU ROC",31,1,"138","0",0.3,"0.6","Précise","Delphinus delphis","10105081","0","NULL","LES PORTES-EN-RE",46.25487,-1.4979,"NULL","NULL","17","A",2001,"i",0,NA
7041,9809,2,0,"M FR",2001-04-26,"2001-04-26","ST TROJAN LES BAINS HOTEL ALABATROS",31,2,"195","9",9.6,"10","Précise","Delphinus delphis","10104074","0","NULL","SAINT-TROJAN-LES-BAINS",45.80655,-1.24345,"NULL","NULL","17","A",2001,"i",0,NA
7042,9810,2,0,"M FR",2001-04-26,"2001-04-26","LE GRAND VILLAGE LA GIRAUDIERE",31,1,"189","2",2.5,"2.8","Précise","Delphinus delphis","10104073","0","NULL","LE GRAND-VILLAGE-PLAGE",45.86243,-1.25806,"NULL","NULL","17","A",2001,"i",0,NA
7050,9818,1,0,"M PU",2001-04-30,"2001-04-29","SOULAC L'AMELIE",31,1,"178","2",2.5,"2.9","Précise","Delphinus delphis","10104076","0","NULL","SOULAC-SUR-MER",45.49397,-1.1423,"NULL","NULL","33","A",2001,"i",0,NA
7128,9904,3,0,"M FR",2001-07-12,"2001-07-12","PLOMEUR",31,1,"193","5",6,"6","Précise","Delphinus delphis","10107094","0","NULL","PLOMEUR",47.83602,-4.34562,"NULL","NULL","29","A",2001,"i",0,NA
7259,10040,2,0,"M FR",2002-01-20,"2002-01-19","ROYAN 4 MILLES SUD OUEST",31,2,"180","4",4.5,"5","Précise","Delphinus delphis","10201074","0","NULL","GOLFE-DE-GASCOGNE",46,-4,"NULL","NULL","99A","A",2002,"i",0,NA
7260,10041,2,40,"M FR",2002-01-20,"NULL","LE BOIS PLAGE EN RE GROS JONC",31,3,"213","11",12,"13","Précise","Delphinus delphis","10201003","0","NULL","LE BOIS-PLAGE-EN-RE",46.17317,-1.38178,"NULL","NULL","17","A",2002,"M G",1,NA
7261,10042,2,30,"M FR",2002-01-20,"NULL","LE BOIS PLAGE EN RE LES SERGENTS",31,1,"166","1",1.5,"1.5","Précise","Delphinus delphis","10201001","0","NULL","LE BOIS-PLAGE-EN-RE",46.17317,-1.38178,"NULL","NULL","17","A",2002,"i",0,NA
7262,10043,2,40,"M FR",2002-01-20,"NULL","LE BOIS PLAGE EN RE LES SERGENTS",31,1,"217","15",16,"17","Précise","Delphinus delphis","10201002","0","NULL","LE BOIS-PLAGE-EN-RE",46.17317,-1.38178,"NULL","NULL","17","A",2002,"M",1,NA
7262,10044,2,40,"M FR",2002-01-20,"NULL","LE BOIS PLAGE EN RE LES SERGENTS",31,2,"169","1",1,"1.2","Précise","Delphinus delphis","10201004","0","NULL","LE BOIS-PLAGE-EN-RE",46.17317,-1.38178,"NULL","NULL","17","A",2002,"I",0,NA
7273,10055,1,30,"M PU",2002-01-21,"NULL","OLONNE SUR MER SAUVETERRE",31,1,"208","3.5",3.9,"4.9","Précise","Delphinus delphis","10201006","0","NULL","OLONNE-SUR-MER",46.54852,-1.82203,"NULL","NULL","85","A",2002,"i",0,NA
7274,10056,2,40,"M FR",2002-01-22,"NULL","LA COUARDE SUR MER",31,3,"192","13",14,"14","Précise","Delphinus delphis","10201008","0","NULL","LA COUARDE-SUR-MER",46.19691,-1.43451,"NULL","NULL","17","A",2002,"M G",1,NA
7275,10057,2,30,"M FR",2002-01-22,"NULL","LA COUARDE SUR MER LA PASSE",31,3,"196","10",11,"12","Approximative","Delphinus delphis","10201010","0","NULL","LA COUARDE-SUR-MER",46.19691,-1.43451,"NULL","NULL","17","A",2002,"M G",1,NA
7275,10058,1,30,"M FR",2002-01-22,"NULL","LA COUARDE SUR MER LA PASSE",31,3,"195","11",12,"13","Précise","Delphinus delphis","10201011","0","NULL","LA COUARDE-SUR-MER",46.19691,-1.43451,"NULL","NULL","17","A",2002,"M G",1,NA
7276,10060,2,40,"M FR",2002-01-22,"NULL","STE MARIE DE RE MONTAMER",31,3,"203","11",12,"13","Précise","Delphinus delphis","10201013","0","NULL","SAINTE-MARIE-DE-RE",46.15065,-1.3218,"NULL","NULL","17","A",2002,"M G L",1,NA
7282,10066,1,0,"M PU",2002-01-22,"NULL","LES SABLES D'OLONNE",31,2,"197","13",14,"15","Précise","Delphinus delphis","10201007","0","NULL","LES SABLES-D'OLONNE",46.50171,-1.81587,"NULL","NULL","85","A",2002,"M G",1,NA
7304,10089,1,40,"M FR",2002-01-24,"2002-01-24","ARCACHON ARBOUSIER",31,1,"170","4",4,"4","Précise","Delphinus delphis","10202127","0","NULL","ARCACHON",44.65413,-1.16756,"NULL","NULL","33","A",2002,"i",0,NA
7319,10108,1,40,"M PU",2002-01-25,"NULL","ST CLEMENT DES BALEINES",31,3,"189","14",14,"14","Précise","Delphinus delphis","10201023","0","NULL","SAINT-CLEMENT-DES-BALEINES",46.23631,-1.5577,"NULL","NULL","17","A",2002,"M G L",1,NA
7327,10121,1,0,"M FR",2002-01-25,"NULL","SOULAC",31,1,"213","12",12,"13","Précise","Delphinus delphis","10201046","0","NULL","SOULAC-SUR-MER",45.49397,-1.1423,"NULL","NULL","33","A",2002,"M",1,NA
7394,10263,1,0,"M FR",2002-01-27,"NULL","ST VINCENT SUR JARD",31,2,"193","9",10,"11","Précise","Delphinus delphis","10201030","0","NULL","SAINT-VINCENT-SUR-JARD",46.41094,-1.54631,"NULL","NULL","85","A",2002,"p",2,NA
7395,10264,2,30,"M PU",2002-01-28,"NULL","ANGOULINS POINTE DU CHAY",31,2,"147","1",1.5,"1.5","Approximative","Delphinus delphis","10201047","0","NULL","ANGOULINS",46.10891,-1.14463,"NULL","NULL","17","A",2002,"I",0,NA
7404,10275,3,0,"M FR",2002-01-28,"2002-01-28","NEVEZ TREVIGNON",31,1,"188","3",3.5,"4","Précise","Delphinus delphis","10210280","0","NULL","NEVEZ",47.79683,-3.77119,"NULL","NULL","29","A",2002,"i",0,NA
7494,10418,1,0,"M FR",2002-02-06,"NULL","ST PALAIS SUR MER",31,1,"213","12",13,"14","Précise","Delphinus delphis","10202093","0","NULL","SAINT-PALAIS-SUR-MER",45.64928,-1.10119,"NULL","NULL","17","A",2002,"M",1,NA
7555,10484,1,0,"M FR",2002-02-17,"2002-02-16","STE MARIE DU MONT RN DE BEAUGUILLOT NORD",31,2,"208","12",13,"14","Précise","Delphinus delphis","10206228","0","NULL","SAINTE-MARIE-DU-MONT",49.3929,-1.1629,"NULL","NULL","50","N",2002,"M R",1,NA
7561,10490,1,52,"V M FR",2002-02-19,"2002-02-18","PLEUBIAN ANSE DE PEN LAN",31,2,"154","0.2",0.5,"0.8","Précise","Delphinus delphis","10203202","0","NULL","PLEUBIAN",48.8672,-3.1014,"NULL","NULL","22","N",2002,"I",0,NA
7561,10491,1,52,"V M FR",2002-02-19,"2002-02-18","PLEUBIAN ANSE DE PEN LAN",31,2,"174","1",1.5,"1.8","Précise","Delphinus delphis","10203203","0","NULL","PLEUBIAN",48.8672,-3.1014,"NULL","NULL","22","N",2002,"I",0,NA
7561,10492,1,52,"V M FR",2002-02-19,"2002-02-18","PLEUBIAN ANSE DE PEN LAN",31,2,"138","0",0.1,"0.4","Précise","Delphinus delphis","10203204","0","NULL","PLEUBIAN",48.8672,-3.1014,"NULL","NULL","22","N",2002,"I",0,NA
7562,10493,1,52,"V M FR",2002-02-19,"2002-02-18","PLEUBIAN ANSE DE PEN LAN",31,2,"201","12",13,"14","Précise","Delphinus delphis","10202163","0","NULL","PLEUBIAN",48.8672,-3.1014,"NULL","NULL","22","N",2002,"M R",1,NA
7562,10494,1,52,"V M FR",2002-02-19,"2002-02-18","PLEUBIAN ANSE DE PEN LAN",31,2,"206","7",8,"8","Précise","Delphinus delphis","10202165","0","NULL","PLEUBIAN",48.8672,-3.1014,"NULL","NULL","22","N",2002,"M Pa",1,NA
7562,10495,1,52,"V M FR",2002-02-19,"2002-02-18","PLEUBIAN ANSE DE PEN LAN",31,2,"191","10",11,"12","Précise","Delphinus delphis","10202166","0","NULL","PLEUBIAN",48.8672,-3.1014,"NULL","NULL","22","N",2002,"M R",1,NA
7562,10496,1,52,"V M FR",2002-02-19,"2002-02-18","PLEUBIAN ANSE DE PEN LAN",31,2,"NULL","12",13,"14","NULL","Delphinus delphis","10202167","0","NULL","PLEUBIAN",48.8672,-3.1014,"NULL","NULL","22","N",2002,"M R",1,NA
7562,10497,1,52,"V M FR",2002-02-19,"2002-02-18","PLEUBIAN ANSE DE PEN LAN",31,2,"201","12",13,"14","Précise","Delphinus delphis","10202168","0","NULL","PLEUBIAN",48.8672,-3.1014,"NULL","NULL","22","N",2002,"M L",1,NA
7562,10498,1,52,"V M FR",2002-02-19,"2002-02-18","PLEUBIAN ANSE DE PEN LAN",31,2,"216","10",11,"12","Précise","Delphinus delphis","10202169","0","NULL","PLEUBIAN",48.8672,-3.1014,"NULL","NULL","22","N",2002,"M Pa",1,NA
7562,10499,1,52,"V M FR",2002-02-19,"2002-02-18","PLEUBIAN ANSE DE PEN LAN",31,2,"199","11",11,"12","Précise","Delphinus delphis","10202170","0","NULL","PLEUBIAN",48.8672,-3.1014,"NULL","NULL","22","N",2002,"M R",1,NA
7562,10500,1,52,"V M FR",2002-02-19,"2002-02-18","PLEUBIAN ANSE DE PEN LAN",31,2,"215","14",15,"16","Précise","Delphinus delphis","10202171","0","NULL","PLEUBIAN",48.8672,-3.1014,"NULL","NULL","22","N",2002,"M R",1,NA
7562,10501,1,52,"V M FR",2002-02-19,"2002-02-18","PLEUBIAN ANSE DE PEN LAN",31,2,"199","19",19,"20","Précise","Delphinus delphis","10202172","0","NULL","PLEUBIAN",48.8672,-3.1014,"NULL","NULL","22","N",2002,"M R",1,NA
7562,10502,1,52,"V M FR",2002-02-19,"2002-02-18","PLEUBIAN ANSE DE PEN LAN",31,1,"187","2",2.8,"3","Précise","Delphinus delphis","10202173","0","NULL","PLEUBIAN",48.8672,-3.1014,"NULL","NULL","22","N",2002,"i",0,NA
7562,10503,1,52,"V M FR",2002-02-19,"2002-02-18","PLEUBIAN ANSE DE PEN LAN",31,2,"195","14",15,"16","Précise","Delphinus delphis","10202174","0","NULL","PLEUBIAN",48.8672,-3.1014,"NULL","NULL","22","N",2002,"M R",1,NA
7562,10504,1,52,"V M FR",2002-02-19,"2002-02-18","PLEUBIAN ANSE DE PEN LAN",31,2,"203","9",10,"14","Précise","Delphinus delphis","10202175","0","NULL","PLEUBIAN",48.8672,-3.1014,"NULL","NULL","22","N",2002,"M R",1,NA
7562,10505,1,52,"V M FR",2002-02-19,"2002-02-18","PLEUBIAN ANSE DE PEN LAN",31,2,"195","10",11,"12","Précise","Delphinus delphis","10202176","0","NULL","PLEUBIAN",48.8672,-3.1014,"NULL","NULL","22","N",2002,"M R",1,NA
7562,10506,1,52,"V M FR",2002-02-19,"2002-02-18","PLEUBIAN ANSE DE PEN LAN",31,2,"200","21",21,"22","Précise","Delphinus delphis","10202177","0","NULL","PLEUBIAN",48.8672,-3.1014,"NULL","NULL","22","N",2002,"M R",1,NA
7562,10507,1,52,"V M FR",2002-02-19,"2002-02-18","PLEUBIAN ANSE DE PEN LAN",31,2,"192","12",12,"12","Précise","Delphinus delphis","10202178","0","NULL","PLEUBIAN",48.8672,-3.1014,"NULL","NULL","22","N",2002,"M Pa",1,NA
7562,10508,1,52,"V M FR",2002-02-19,"2002-02-18","PLEUBIAN ANSE DE PEN LAN",31,2,"200","20",21,"22","Précise","Delphinus delphis","10202128","0","NULL","PLEUBIAN",48.8672,-3.1014,"NULL","NULL","22","N",2002,"M L",1,NA
7562,10509,1,52,"V M FR",2002-02-19,"2002-02-18","PLEUBIAN ANSE DE PEN LAN",31,2,"198","17",18,"19","Précise","Delphinus delphis","10202153","0","NULL","PLEUBIAN",48.8672,-3.1014,"NULL","NULL","22","N",2002,"M L",1,NA
7562,10510,1,52,"V M FR",2002-02-19,"2002-02-18","PLEUBIAN ANSE DE PEN LAN",31,2,"209","11",11.5,"12","Précise","Delphinus delphis","10202154","0","NULL","PLEUBIAN",48.8672,-3.1014,"NULL","NULL","22","N",2002,"M G",1,NA
7562,10511,1,52,"V M FR",2002-02-19,"2002-02-18","PLEUBIAN ANSE DE PEN LAN",31,2,"201","10",11,"11","Précise","Delphinus delphis","10202155","0","NULL","PLEUBIAN",48.8672,-3.1014,"NULL","NULL","22","N",2002,"M R",1,NA
7562,10512,1,52,"V M FR",2002-02-19,"2002-02-18","PLEUBIAN ANSE DE PEN LAN",31,2,"210","15",16,"17","Précise","Delphinus delphis","10202156","0","NULL","PLEUBIAN",48.8672,-3.1014,"NULL","NULL","22","N",2002,"M R",1,NA
7562,10513,1,52,"V M FR",2002-02-19,"2002-02-18","PLEUBIAN ANSE DE PEN LAN",31,2,"196","20",21,"22","Précise","Delphinus delphis","10202157","0","NULL","PLEUBIAN",48.8672,-3.1014,"NULL","NULL","22","N",2002,"M Pa",1,NA
7562,10514,1,52,"V M FR",2002-02-19,"2002-02-18","PLEUBIAN ANSE DE PEN LAN",31,2,"197","16",17,"18","Précise","Delphinus delphis","10202158","0","NULL","PLEUBIAN",48.8672,-3.1014,"NULL","NULL","22","N",2002,"M R",1,NA
7562,10515,1,52,"V M FR",2002-02-19,"2002-02-18","PLEUBIAN ANSE DE PEN LAN",31,2,"210","7",8,"9","Précise","Delphinus delphis","10202159","0","NULL","PLEUBIAN",48.8672,-3.1014,"NULL","NULL","22","N",2002,"M R",1,NA
7562,10516,1,52,"V M FR",2002-02-19,"2002-02-18","PLEUBIAN ANSE DE PEN LAN",31,2,"200","7",8,"8","Précise","Delphinus delphis","10202152","0","NULL","PLEUBIAN",48.8672,-3.1014,"NULL","NULL","22","N",2002,"M G L",1,NA
7562,10518,1,52,"V M FR",2002-02-19,"2002-02-18","PLEUBIAN ANSE DE PEN LAN",31,2,"199","19",20,"21","Précise","Delphinus delphis","10202150","0","NULL","PLEUBIAN",48.8672,-3.1014,"NULL","NULL","22","N",2002,"M R",1,NA
7562,10519,1,52,"V M FR",2002-02-19,"2002-02-18","PLEUBIAN ANSE DE PEN LAN",31,2,"200","13",13,"13","Précise","Delphinus delphis","10202149","0","NULL","PLEUBIAN",48.8672,-3.1014,"NULL","NULL","22","N",2002,"M R",1,NA
7562,10520,1,52,"V M FR",2002-02-19,"2002-02-18","PLEUBIAN ANSE DE PEN LAN",31,3,"197","12",12,"13","Précise","Delphinus delphis","10202148","0","NULL","PLEUBIAN",48.8672,-3.1014,"NULL","NULL","22","N",2002,"M G L",1,NA
7562,10521,1,52,"V M FR",2002-02-19,"2002-02-18","PLEUBIAN ANSE DE PEN LAN",31,3,"201","12",13,"13","Précise","Delphinus delphis","10202147","0","NULL","PLEUBIAN",48.8672,-3.1014,"NULL","NULL","22","N",2002,"M G L",1,NA
7562,10522,1,52,"V M FR",2002-02-19,"2002-02-18","PLEUBIAN ANSE DE PEN LAN",31,2,"182","2",2.5,"3","Précise","Delphinus delphis","10202146","0","NULL","PLEUBIAN",48.8672,-3.1014,"NULL","NULL","22","N",2002,"I",0,NA
7562,10523,1,52,"V M FR",2002-02-19,"2002-02-18","PLEUBIAN ANSE DE PEN LAN",31,3,"197","17",18,"19","Précise","Delphinus delphis","10202145","0","NULL","PLEUBIAN",48.8672,-3.1014,"NULL","NULL","22","N",2002,"M G",1,NA
7562,10524,1,52,"V M FR",2002-02-19,"2002-02-18","PLEUBIAN ANSE DE PEN LAN",31,3,"209","11",12,"13","Précise","Delphinus delphis","10202144","0","NULL","PLEUBIAN",48.8672,-3.1014,"NULL","NULL","22","N",2002,"M G L",1,NA
7562,10525,1,52,"V M FR",2002-02-19,"2002-02-18","PLEUBIAN ANSE DE PEN LAN",31,3,"192","10",10,"10","Précise","Delphinus delphis","10202143","0","NULL","PLEUBIAN",48.8672,-3.1014,"NULL","NULL","22","N",2002,"M G",1,NA
7562,10526,1,52,"V M FR",2002-02-19,"2002-02-18","PLEUBIAN ANSE DE PEN LAN",31,3,"209","17",18,"19","Précise","Delphinus delphis","10202142","0","NULL","PLEUBIAN",48.8672,-3.1014,"NULL","NULL","22","N",2002,"M G L",1,NA
7562,10527,1,52,"V M FR",2002-02-19,"2002-02-18","PLEUBIAN ANSE DE PEN LAN",31,3,"186","11",11.5,"12","Précise","Delphinus delphis","10202141","0","NULL","PLEUBIAN",48.8672,-3.1014,"NULL","NULL","22","N",2002,"M G",1,NA
7562,10528,1,52,"V M FR",2002-02-19,"2002-02-18","PLEUBIAN ANSE DE PEN LAN",31,2,"202","19",19,"19","Précise","Delphinus delphis","10202140","0","NULL","PLEUBIAN",48.8672,-3.1014,"NULL","NULL","22","N",2002,"M Pa",1,NA
7562,10529,1,52,"V M FR",2002-02-19,"2002-02-18","PLEUBIAN ANSE DE PEN LAN",31,3,"204","18",18,"18","Précise","Delphinus delphis","10202139","0","NULL","PLEUBIAN",48.8672,-3.1014,"NULL","NULL","22","N",2002,"M G",1,NA
7562,10530,1,52,"V M FR",2002-02-19,"2002-02-18","PLEUBIAN ANSE DE PEN LAN",31,2,"209","18",19,"19","Précise","Delphinus delphis","10202138","0","NULL","PLEUBIAN",48.8672,-3.1014,"NULL","NULL","22","N",2002,"M L",1,NA
7562,10531,1,52,"V M FR",2002-02-19,"2002-02-18","PLEUBIAN ANSE DE PEN LAN",31,2,"197","18",18,"19","Précise","Delphinus delphis","10202137","0","NULL","PLEUBIAN",48.8672,-3.1014,"NULL","NULL","22","N",2002,"M R",1,NA
7562,10532,1,52,"V M FR",2002-02-19,"2002-02-18","PLEUBIAN ANSE DE PEN LAN",31,3,"188","16",17,"17","Précise","Delphinus delphis","10202136","0","NULL","PLEUBIAN",48.8672,-3.1014,"NULL","NULL","22","N",2002,"M G",1,NA
7562,10533,1,52,"V M FR",2002-02-19,"2002-02-18","PLEUBIAN ANSE DE PEN LAN",31,2,"212","9",9.5,"10","Précise","Delphinus delphis","10202135","0","NULL","PLEUBIAN",48.8672,-3.1014,"NULL","NULL","22","N",2002,"M R",1,NA
7562,10534,1,52,"V M FR",2002-02-19,"2002-02-18","PLEUBIAN ANSE DE PEN LAN",31,3,"220","16",16,"17","Précise","Delphinus delphis","10202134","0","NULL","PLEUBIAN",48.8672,-3.1014,"NULL","NULL","22","N",2002,"M G",1,NA
7562,10535,1,52,"V M FR",2002-02-19,"2002-02-18","PLEUBIAN ANSE DE PEN LAN",31,2,"197","17",17,"18","Précise","Delphinus delphis","10202132","0","NULL","PLEUBIAN",48.8672,-3.1014,"NULL","NULL","22","N",2002,"M L",1,NA
7562,10536,1,52,"V M FR",2002-02-19,"2002-02-18","PLEUBIAN ANSE DE PEN LAN",31,2,"203","14",15,"16","Précise","Delphinus delphis","10202131","0","NULL","PLEUBIAN",48.8672,-3.1014,"NULL","NULL","22","N",2002,"M L",1,NA
7562,10537,1,52,"V M FR",2002-02-19,"2002-02-18","PLEUBIAN ANSE DE PEN LAN",31,3,"199","17",18,"18","Précise","Delphinus delphis","10202130","0","NULL","PLEUBIAN",48.8672,-3.1014,"NULL","NULL","22","N",2002,"M G",1,NA
7562,10538,1,52,"V M FR",2002-02-19,"2002-02-18","PLEUBIAN ANSE DE PEN LAN",31,2,"203","19",19,"20","Précise","Delphinus delphis","10202129","0","NULL","PLEUBIAN",48.8672,-3.1014,"NULL","NULL","22","N",2002,"M R",1,NA
7562,10539,1,52,"V M FR",2002-02-19,"2002-02-18","PLEUBIAN ANSE DE PEN LAN",31,2,"198","11",12,"13","Précise","Delphinus delphis","10202160","0","NULL","PLEUBIAN",48.8672,-3.1014,"NULL","NULL","22","N",2002,"M R",1,NA
7562,10540,1,52,"V M FR",2002-02-19,"2002-02-18","PLEUBIAN ANSE DE PEN LAN",31,2,"218","15",16,"16","Précise","Delphinus delphis","10202161","0","NULL","PLEUBIAN",48.8672,-3.1014,"NULL","NULL","22","N",2002,"M R",1,NA
7570,10550,1,0,"M FR",2002-02-22,"2002-02-20","FREHEL",31,2,"189","4",4.8,"5","Précise","Delphinus delphis","10202180","0","NULL","FREHEL",48.6843,-2.3208,"NULL","NULL","22","N",2002,"i",0,NA
7653,10657,1,30,"M FR",2002-03-20,"NULL","ST GILLES CROIX DE VIE GRAND PLAGE",31,1,"175","1.5",1.5,"2.5","Précise","Delphinus delphis","10203201","0","NULL","SAINT-GILLES-CROIX-DE-VIE",46.69114,-1.934,"NULL","NULL","85","A",2002,"i",0,NA
7759,10773,2,30,"M FR",2002-05-14,"2002-05-14","LES SABLES D'OLONNE GRAND PLAGE LA RUDELIERE",31,2,"206","13",14,"15","Précise","Delphinus delphis","10205211","0","NULL","LES SABLES-D'OLONNE",46.50171,-1.81587,"NULL","NULL","85","A",2002,"M G",1,NA
7781,10797,2,0,"M FR",2002-06-08,"2002-06-08","ST PIERRE D'OLERON LA MENOUNIERE",31,1,"193","3.8",4,"4","Précise","Delphinus delphis","10206215","0","NULL","SAINT-PIERRE-D'OLERON",45.92233,-1.33204,"NULL","NULL","17","A",2002,"p",2,NA
7819,10837,2,14,"V M",2002-07-19,"2002-07-19","CHATELAILLON PORT",31,2,"128","0",0.5,"0.6","Précise","Delphinus delphis","10207233","0","NULL","CHATELAILLON-PLAGE",46.07671,-1.09641,"46.0625","-1.095","17","A",2002,"I",0,NA
7832,10850,2,0,"M FR",2002-08-12,"2002-08-12","CAP FERRET LE TRUC VERT",31,2,"91","0",0,"0","Précise","Delphinus delphis","10208248","0","NULL","LEGE-CAP-FERRET",44.72561,-1.24422,"NULL","NULL","33","A",2002,"I",0,NA
7951,10971,2,30,"M FR",2002-12-31,"2002-12-30","NIEUL SUR MER LAUZIERES POINTE DE MORTEFOIN",31,2,"195","14",15,"16","Précise","Delphinus delphis","10212297","0","NULL","NIEUL-SUR-MER",46.21088,-1.1937,"46.2167","-1.18814","17","A",2002,"M G",1,NA
7978,10998,2,30,"M FR",2003-01-22,"2003-01-22","ENTRE POINTE ESPAGNOLE ET LA BOUVERIE",31,1,"199","7",7.5,"7.5","Précise","Delphinus delphis","10301005","0","NULL","LA TREMBLADE",45.79167,-1.23428,"NULL","NULL","17","A",2003,"M",1,NA
7986,11006,2,30,"M FR",2003-01-22,"2003-01-21","LUZERONDE",31,1,"198","6",6.5,"6.5","Précise","Delphinus delphis","10301004","0","NULL","NOIRMOUTIER-EN-L'ILE",47.02739,-2.25792,"NULL","NULL","85","A",2003,"M",1,NA
7992,11012,2,40,"M FR",2003-01-23,"2003-01-23","LES BECS",31,2,"173","2",3,"3","Précise","Delphinus delphis","10301007","0","NULL","SAINT-HILAIRE-DE-RIEZ",46.74673,-2.00906,"NULL","NULL","85","A",2003,"i",0,NA
8009,11030,2,0,"M FR",2003-01-28,"2003-01-27","NULL",31,1,"144","0.5",0.5,"0.5","Précise","Delphinus delphis","10301010","0","NULL","LEGE-CAP-FERRET",44.72561,-1.24422,"NULL","NULL","33","A",2003,"i",0,NA
8016,11037,2,0,"M FR",2003-01-29,"2003-01-28","CROHOT DE CAVALE",31,1,"174","1",1.5,"1.5","Précise","Delphinus delphis","10301011","0","NULL","CARCANS",45.0802,-1.19073,"NULL","NULL","33","A",2003,"i",0,NA
8021,11042,1,30,"M FR",2003-01-30,"2003-01-29","LA JENNY",31,3,"198","11",12,"13","Précise","Delphinus delphis","10301018","0","NULL","LE PORGE",44.86654,-1.22105,"NULL","NULL","33","A",2003,"M G L",1,NA
8031,11053,1,30,"M FR",2003-01-31,"2003-01-30","NULL",31,2,"183","18",18,"19","Approximative","Delphinus delphis","10301014","0","NULL","LA TESTE",44.56442,-1.23492,"NULL","NULL","33","A",2003,"M R",1,NA
8031,11054,1,30,"M FR",2003-01-31,"2003-01-30","NULL",31,1,"182","3",3.5,"4","Précise","Delphinus delphis","10301017","0","NULL","LA TESTE",44.56442,-1.23492,"NULL","NULL","33","A",2003,"p",2,NA
8031,11055,1,30,"M FR",2003-01-31,"2003-01-30","NULL",31,1,"180","6",6.5,"6.5","Approximative","Delphinus delphis","10301015","0","NULL","LA TESTE",44.56442,-1.23492,"NULL","NULL","33","A",2003,"i",0,NA
8031,11056,1,30,"M FR",2003-01-31,"2003-01-30","NULL",31,2,"195","19",20,"21","Approximative","Delphinus delphis","10301016","0","NULL","LA TESTE",44.56442,-1.23492,"NULL","NULL","33","A",2003,"M R",1,NA
8067,11096,1,30,"M FR",2003-02-06,"NULL","NULL",31,2,"200","9",9,"10","Précise","Delphinus delphis","10302031","0","NULL","MIMIZAN",44.20076,-1.29184,"NULL","NULL","40","A",2003,"p",2,NA
8067,11097,1,30,"M FR",2003-02-06,"2003-02-05","NULL",31,2,"192","18",19,"20","Précise","Delphinus delphis","10302027","0","NULL","MIMIZAN",44.20076,-1.29184,"NULL","NULL","40","A",2003,"M R",1,NA
8067,11099,1,40,"M FR",2003-02-06,"2003-02-05","NULL",31,1,"183","7",7.5,"8","Précise","Delphinus delphis","10302028","0","NULL","MIMIZAN",44.20076,-1.29184,"NULL","NULL","40","A",2003,"p",2,NA
8067,11100,1,40,"M FR",2003-02-06,"NULL","NULL",31,1,"208","10",11,"12","Précise","Delphinus delphis","10302025","0","NULL","MIMIZAN",44.20076,-1.29184,"NULL","NULL","40","A",2003,"p",2,NA
8067,11101,1,40,"M FR",2003-02-06,"NULL","NULL",31,2,"190","4",4.5,"5","Précise","Delphinus delphis","10302030","0","NULL","MIMIZAN",44.20076,-1.29184,"NULL","NULL","40","A",2003,"I",0,NA
8067,11102,1,40,"M FR",2003-02-06,"NULL","NULL",31,2,"193","7",7.5,"8","Précise","Delphinus delphis","10302029","0","NULL","MIMIZAN",44.20076,-1.29184,"NULL","NULL","40","A",2003,"M R",1,NA
8069,11106,1,30,"M FR",2003-02-06,"NULL","NULL",31,1,"181","7",8,"9","Approximative","Delphinus delphis","10302026","0","NULL","MIMIZAN",44.20076,-1.29184,"NULL","NULL","40","A",2003,"M R",1,NA
8070,11107,1,0,"M FR",2003-02-06,"2003-02-06","NULL",31,2,"198","12",12.5,"12.5","Précise","Delphinus delphis","10302038","0","NULL","AGON-COUTAINVILLE",49.0125,-1.5888,"44.0241","-1.59265","50","N",2003,"M R",1,NA
8103,11141,1,0,"M FR",2003-02-18,"2003-02-18","NULL",31,3,"200","18",19,"20","Précise","Delphinus delphis","10302039","0","NULL","LE CHATEAU-D'OLERON",45.88347,-1.19562,"45.4924","-1.1948","17","A",2003,"M G",1,NA
8232,11276,1,0,"M PU",2003-04-28,"2003-04-26","BESCHEE",31,1,"183","2",2.5,"3","Précise","Delphinus delphis","10304043","0","NULL","BRETIGNOLLES-SUR-MER",46.63486,-1.88162,"NULL","NULL","85","A",2003,"p",2,NA
8236,11281,2,30,"M FR",2003-04-30,"NULL","L'OCEAN",31,1,"230","11",11.5,"12","Précise","Delphinus delphis","10304047","1","2","SAINT-BREVIN-LES-PINS",47.2393,-2.16974,"NULL","NULL","44","A",2003,"M",1,NA
9826,12984,1,40,"M FR",2006-01-23,"2006-01-20","ENTRE LA PEGE ET LES MOUETTES",31,1,"198","9",9.5,"10","Précise","Delphinus delphis","10601010","0","NULL","SAINT-HILAIRE-DE-RIEZ",46.74673,-2.00906,"NULL","NULL","85","A",2006,"M",1,NA
11283,14653,1,40,"M FR",2008-01-15,"2008-01-15","LES GOLLANDIERES",31,2,"193","NULL",6,"NULL","Précise","Delphinus delphis","10801001","1","NULL","LE BOIS-PLAGE-EN-RE",46.17317,-1.38178,"NULL","NULL","17","A",2008,"M",1,NA
11480,14864,2,0,"M FR",2008-03-03,"2008-03-02","LA GRIERE PLAGE CLEMENCEAU",31,3,"205","NULL",9.33333333333333,"NULL","Précise","Delphinus delphis","10803013","1","NULL","LA TRANCHE-SUR-MER",46.34606,-1.46728,"NULL","NULL","85","A",2008,"M GESTANTE",1,NA
11483,14867,1,0,"M FR",2008-03-04,"2008-03-04","LES DORAUX",31,2,"173","NULL",2.5,"NULL","Précise","Delphinus delphis","10803012","1","NULL","SAINT-CLEMENT-DES-BALEINES",46.23631,-1.5577,"NULL","NULL","17","A",2008,"I",0,NA
11521,14913,1,30,"M TP",2008-03-11,"NULL","BAIE D'YVES",31,3,"192","NULL",9.9,"NULL","Approximative","Delphinus delphis","10803019","1","NULL","YVES",46.03612,-1.05948,"NULL","NULL","17","A",2008,"M GESTANTE",1,NA
11551,14986,1,40,"M FR",2008-03-13,"NULL","MONTALIVET",31,2,"196","NULL",8.7,"NULL","Précise","Delphinus delphis","10803025","1","NULL","VENDAYS-MONTALIVET",45.33534,-1.1552,"NULL","NULL","33","A",2008,"M",1,NA
11682,15139,1,40,"M FR",2008-04-15,"NULL","GRANDE PLAGE",31,1,"201","NULL",10.9,"NULL","Précise","Delphinus delphis","10804075","0","NULL","LES SABLES-D'OLONNE",46.50171,-1.81587,"NULL","NULL","85","A",2008,"M",1,NA
12125,15598,2,30,"M FR",2009-01-23,"NULL","PLAGE DE LA PARACOU",31,3,"191","NULL",5,"NULL","Précise","Delphinus delphis","10901029","1","NULL","LES SABLES-D'OLONNE",46.50171,-1.81587,"NULL","NULL","85","A",2009,"M",1,NA
12482,15996,2,30,"M FR",2009-04-28,"NULL","DUNE 1",31,2,"192","NULL",6,"NULL","Précise","Delphinus delphis","10904102","1","NULL","BRETIGNOLLES-SUR-MER",46.63486,-1.88162,"NULL","NULL","85","A",2009,"M",1,NA
12867,16406,1,40,"M PU",2010-03-02,"NULL","PLAGE DE LA FOSSE",31,2,"190","NULL",13.3095238095238,"NULL","Approximative","Delphinus delphis","11012069","1","2","BARBATRE",46.93028,-2.17158,"46.9","-2.15","85","A",2010,"M",1,NA
12961,16505,2,0,"M PU",2010-04-07,"NULL","NULL",31,2,"140","NULL",0.25,"NULL","Précise","Delphinus delphis","11004028","1","NULL","SAINT-CLEMENT-DES-BALEINES",46.23631,-1.5577,"NULL","NULL","17","A",2010,"I",0,NA
13344,16899,1,0,"M FR",2011-01-14,"NULL","PLAGE DE LA CROIX ROUGE",31,2,"142","NULL",1.5,"NULL","Précise","Delphinus delphis","11112151","1","2","BARBATRE",46.93028,-2.17158,"46.9333","-2.1666","85","A",2011,"I",0,NA
13359,16915,1,0,"M PU",2011-01-17,"NULL","LES MIELLES",31,1,"195","NULL",8.91666666666667,"NULL","Approximative","Delphinus delphis","11112138","1","2","GLATIGNY",49.2667,-1.6667,"NULL","NULL","50","N",2011,"M",1,NA
13366,16924,1,40,"M PU",2011-01-17,"NULL","NULL",31,1,"210","NULL",11.2857142857143,"NULL","Précise","Delphinus delphis","11101008","1","1","LES SABLES-D'OLONNE",46.50171,-1.81587,"NULL","NULL","85","A",2011,"I",0,NA
13416,16979,2,30,"M FR",2011-02-06,"NULL","JETEE DE BELISAIRE",31,1,"191","NULL",4,"NULL","Précise","Delphinus delphis","11111086","1","3","LEGE-CAP-FERRET",44.72561,-1.24422,"NULL","NULL","33","A",2011,"M",1,NA
13509,17124,2,30,"M FR",2011-02-23,"NULL","CAP DE L'HOMY",31,2,"212","NULL",10.2,"NULL","Précise","Delphinus delphis","11102024","1","2","LIT-ET-MIXE",44.029,-1.34042,"NULL","NULL","40","A",2011,"M",1,NA
13515,17133,2,30,"M PU",2011-02-23,"NULL","CONTIS",31,2,"179","NULL",2.4,"NULL","Précise","Delphinus delphis","11102021","1","2","SAINT-JULIEN-EN-BORN",44.08615,-1.32781,"NULL","NULL","40","A",2011,"I/P",2,NA
13941,17600,1,0,"M PU",2011-08-31,"NULL","PLAGE DES DUNES",31,2,"174","NULL",2.8,"NULL","Précise","Delphinus delphis","11108080","1","2","BRETIGNOLLES-SUR-MER",46.63486,-1.88162,"NULL","NULL","85","A",2011,"I",0,NA
14183,17863,2,30,"M FR",2011-12-24,"NULL","PLAGE CENTRALE",31,2,"188","8.5",9,"9.5","Précise","Delphinus delphis","11112096","1","NULL","LACANAU",44.98592,-1.19751,"45","-1.2","33","A",2011,"I/P",2,NA
14320,18017,1,30,"M FR",2012-01-24,"2012-01-23","CELM",31,2,"NULL","NULL",2.15,"NULL","NULL","Delphinus delphis","11201009","1","2","BISCARROSSE",44.41043,-1.26209,"NULL","NULL","40","A",2012,"I",0,NA
14320,18020,1,30,"M PU",2012-01-24,"2012-01-23","CELM",31,2,"210","NULL",15.0833333333333,"NULL","Précise","Delphinus delphis","11201012","1","1","BISCARROSSE",44.41043,-1.26209,"NULL","NULL","40","A",2012,"M",1,NA
14323,18027,1,0,"M PU",2012-01-24,"2012-01-23","PLAGE",31,2,"146","NULL",0.85,"NULL","Approximative","Delphinus delphis","11212174","1","2","ONDRES",43.56603,-1.49677,"NULL","NULL","40","A",2012,"I",0,NA
14336,18050,1,30,"M PU",2012-01-25,"2012-01-21","NORD GALLEUNEYS",31,2,"196","NULL",6.8,"NULL","Précise","Delphinus delphis","11201005","1","2","LA TESTE",44.56442,-1.23492,"NULL","NULL","33","A",2012,"M",1,NA
14337,18051,1,30,"M FR",2012-01-25,"2012-01-23","LA LAGURE",31,2,"178","NULL",3.6,"NULL","Précise","Delphinus delphis","11201004","1","3","LA TESTE",44.56442,-1.23492,"NULL","NULL","33","A",2012,"I/P",2,NA
14577,18407,1,0,"M TP",2012-03-14,"2012-03-13","NULL",31,1,"210","NULL",5.49761904761905,"NULL","Précise","Delphinus delphis","11212157","1","2","SOORTS-HOSSEGOR",43.67081,-1.43774,"NULL","NULL","40","A",2012,"I",0,NA
14698,18556,1,0,"M FR",2012-04-11,"NULL","LA DIGUE",31,2,"192","NULL",9.23333333333333,"NULL","Précise","Delphinus delphis","11212159","1","2","TARNOS",43.53542,-1.51892,"NULL","NULL","40","A",2012,"M",1,NA
14792,18660,1,0,"M PU",2012-05-09,"2012-05-07","PLAGE DE SION",31,2,"129","NULL",0.1,"NULL","Précise","Delphinus delphis","11205051","1","3","SAINT-HILAIRE-DE-RIEZ",46.74673,-2.00906,"NULL","NULL","85","A",2012,"I",0,NA
14834,18704,1,0,"M FR",2012-05-23,"2012-05-22","PLAGE DES CASERNES",31,1,"NULL","NULL",17,"NULL","NULL","Delphinus delphis","11212164","1","2","SEIGNOSSE",43.70916,-1.43629,"NULL","NULL","40","A",2012,"M",1,NA
15046,18920,1,0,"M FR",2012-10-11,"2012-10-04","PLAGE DE PONT MAHE",31,2,"180","NULL",2.9875,"NULL","Précise","Delphinus delphis","11210091","1","2","ASSERAC",47.44025,-2.44183,"NULL","NULL","44","A",2012,"I",0,NA
15116,18991,1,40,"M PU",2012-11-21,"2012-11-20","BELLANGENET",31,2,"186","NULL",2.4,"NULL","Précise","Delphinus delphis","11211095","1","2","CLOHARS-CARNOET",47.76833,-3.56667,"NULL","NULL","29","A",2012,"P",2,NA
15213,19089,1,40,"M FR",2012-12-28,"2012-12-28","SUD CHM",31,1,"213","NULL",7.6,"NULL","Précise","Delphinus delphis","11212101","1","NULL","VENDAYS-MONTALIVET",45.33534,-1.1552,"NULL","NULL","33","A",2012,"M",1,NA
15307,19226,1,30,"M FR",2013-01-20,"2013-01-20","PLAGE CENTRALE",31,2,"194.5","NULL",9,"NULL","Précise","Delphinus delphis","11301006","1","NULL","BISCARROSSE",44.41043,-1.26209,"NULL","NULL","40","A",2013,"M",1,NA
15328,19258,2,0,"M FR",2013-01-24,"2013-01-23","PLAGE DU VEILLON",31,1,"188","NULL",5.6,"NULL","Précise","Delphinus delphis","11301007","1","NULL","TALMONT-SAINT-HILAIRE",46.45276,-1.69392,"NULL","NULL","85","A",2013,"M",1,NA
15540,19557,2,30,"M FR",2013-02-14,"2013-02-14","CASERNE",31,2,"122.5","NULL",0.1,"NULL","Précise","Delphinus delphis","11302044","1","NULL","SEIGNOSSE",43.70916,-1.43629,"NULL","NULL","40","A",2013,"I",0,NA
16027,20152,1,0,"V M",2013-06-21,"2013-06-20","DARSE CANAL DE TANCARVILLE",31,2,"146","NULL",1.1,"NULL","Précise","Delphinus delphis","11312181","1","2","TANCARVILLE",49.48434,0.46189,"NULL","NULL","76","N",2013,"I",0,NA
16419,21003,1,40,"M PU",2014-02-27,"2014-02-22","PLAGE NORD",31,2,"164","NULL",2.5,"NULL","Précise","Delphinus delphis","11402026","1","2","LACANAU",44.98592,-1.19751,"NULL","NULL","33","A",2014,"I",0,NA
16420,21007,1,30,"M PU",2014-02-27,"2014-02-27","plage sud",31,2,"205","NULL",12.7333333333333,"NULL","Précise","Delphinus delphis","11402022","1","2","VENDAYS-MONTALIVET",45.33534,-1.1552,"NULL","NULL","33","A",2014,"M",1,NA
16626,21273,1,0,"M FR",2014-02-06,"2014-02-05","PLAGE CENTRALE",31,1,"199","NULL",9.91666666666667,"NULL","Précise","Delphinus delphis","11408166","1","2","SOULAC-SUR-MER",45.49397,-1.1423,"NULL","NULL","33","A",2014,"M",1,NA
16744,21406,1,0,"M PU",2014-03-05,"2014-03-04","LE PLATIN",31,1,"159","NULL",0.991666666666667,"NULL","Précise","Delphinus delphis","11403030","1","2","RIVEDOUX-PLAGE",46.15722,-1.27789,"NULL","NULL","17","A",2014,"I",0,NA
16827,21502,2,40,"M FR",2014-04-21,"2014-04-21","RN BANC D'ARGUIN",31,1,"149","NULL",0.7,"NULL","Précise","Delphinus delphis","11404035","1","2","LA TESTE",44.56442,-1.23492,"NULL","NULL","33","A",2014,"I",0,NA
16917,21609,1,40,"M FR",2014-05-10,"2014-05-09","LA FOSSE",31,3,"NULL","NULL",9.1,"NULL","NULL","Delphinus delphis","11412228","1","2","BARBATRE",46.93028,-2.17158,"46.8946","-2.1505","85","A",2014,"M GESTANTE",1,NA
17592,22345,1,0,"M PU",2015-01-16,"2015-01-15","PLAGE DES GRENETTES",31,3,"200","NULL",14,"NULL","Précise","Delphinus delphis","11501001","1","2","LE BOIS-PLAGE-EN-RE",46.17317,-1.38178,"NULL","NULL","17","A",2015,"M GESTANTE",1,NA
17748,22520,2,0,"M PU",2015-04-29,"2015-04-29","MONTAMER",31,2,"204","NULL",11,"NULL","Précise","Delphinus delphis","11504010","1","2","SAINTE-MARIE-DE-RE",46.15065,-1.3218,"NULL","NULL","17","A",2015,"M",1,NA
17824,22602,2,0,"M FR",2015-06-26,"2015-06-26","NULL",31,1,"160","NULL",1.1,"NULL","Précise","Delphinus delphis","11506016","1","2","CHATEAU-D'OLONNE",46.4818,-1.75916,"NULL","NULL","85","A",2015,"I",0,NA
19508,24518,2,30,"M PU",2016-02-09,"2016-02-09","GATS GRENEAUX",31,1,"220","NULL",14.1666666666667,"NULL","Précise","Delphinus delphis","11602004","1","1","JARD-SUR-MER",46.41741,-1.60616,"NULL","NULL","85","A",2016,"M",1,NA
19565,24578,2,30,"M PU",2016-02-09,"2016-02-09","NULL",31,1,"211","NULL",11.5833333333333,"NULL","Précise","Delphinus delphis","11602006","1","1","LES SABLES-D'OLONNE",46.50171,-1.81587,"NULL","NULL","85","A",2016,"M",1,NA
19613,24632,1,30,"M FR",2017-02-01,"NULL","SAUVETERRE",31,1,"157","NULL",2.28333333333333,"NULL","Précise","Delphinus delphis","11701004","1","2","OLONNE-SUR-MER",46.54852,-1.82203,"NULL","NULL","85","A",2017,"I",0,NA
19728,24801,1,40,"M FR",2017-02-07,"2017-02-05","NULL",31,3,"209","NULL",6.81666666666667,"NULL","Précise","Delphinus delphis","11702029","1","2","LA TREMBLADE",45.79167,-1.23428,"NULL","NULL","17","A",2017,"M GESTANTE",1,NA
19816,24964,1,30,"M FR",2017-02-07,"NULL","NULL",31,2,"146","NULL",0.5,"NULL","Précise","Delphinus delphis","11702041","1","2","BRETIGNOLLES-SUR-MER",46.63486,-1.88162,"NULL","NULL","85","A",2017,"I",0,NA
19822,25000,1,30,"M FR",2017-02-07,"NULL","NULL",31,2,"165","NULL",6,"NULL","Précise","Delphinus delphis","11702038","1","2","SAINT-HILAIRE-DE-RIEZ",46.74673,-2.00906,"NULL","NULL","85","A",2017,"M",1,NA
21163,26482,1,0,"M PU",2016-12-07,"2016-12-05","PLAGE DE LA CITADELLE",31,1,"151","NULL",1.10595238095238,"NULL","Précise","Delphinus delphis","11612041","1","2","LE CHATEAU-D'OLERON",45.88347,-1.19562,"NULL","NULL","17","A",2016,"I",0,NA
22203,27582,1,0,"M FR",2016-08-01,"2016-07-31","POINTE DE CHAUCRE",31,1,"156","NULL",0.4,"NULL","Précise","Delphinus delphis","11608035","1","2","SAINT-GEORGES-D'OLERON",45.97554,-1.39298,"NULL","NULL","17","A",2016,"I",0,NA
22484,27881,1,30,"M FR",2016-07-01,"2016-06-30","A LA DERIVE",31,1,"209","NULL",7.4,"NULL","Précise","Delphinus delphis","11607031","1","2","LES SABLES-D'OLONNE",46.50171,-1.81587,"NULL","NULL","85","A",2016,"M",1,NA
23299,28905,1,30,"M FR",2017-03-07,"2017-03-07","NULL",31,1,"204","NULL",5.3,"NULL","Précise","Delphinus delphis","11703119","1","2","LA TRANCHE-SUR-MER",46.34606,-1.46728,"NULL","NULL","85","A",2017,"M",1,NA
23307,28920,1,30,"M FR",2017-03-07,"2017-03-07","REPUBLIQUE",31,2,"162","NULL",0.2,"NULL","Précise","Delphinus delphis","11703114","1","2","TALMONT-SAINT-HILAIRE",46.45276,-1.69392,"NULL","NULL","85","A",2017,"I",0,NA
30547,38095,1,30,"M FR",2018-03-13,"2018-03-12","NULL",31,1,"191","NULL",5.125,"NULL","Précise","Delphinus delphis","11803031","1","2","SAINT-GILLES-CROIX-DE-VIE",46.69114,-1.934,"NULL","NULL","85","A",2018,"M",1,NA
31091,38843,1,30,"M FR",2019-03-07,"2019-03-06","NULL",31,2,"166","NULL",6.58333333333333,"NULL","Approximative","Delphinus delphis","11903081","1","2","LES SABLES-D'OLONNE",46.50171,-1.81587,"NULL","NULL","85","A",2019,"I",0,NA
